UUID,DOB,First Name,Last Name,Email
3MUSGOXX1UELPRKD,1970-07-06,Mallie,Stoner,hope.graham@maker.pt
N2E9YJBPUN2SS4HB,2011-07-01,Bailey,Tavares,marcie-stroud@miracle.com
VQUVJZ8K8OK40QVA,2000-12-08,Susann,Fairbanks,letishastratton14272@hc.com
KGC7RXZGU2BBA5FY,1974-12-19,Delisa,Woodruff,margenemyles39@satisfactory.com
7EG2BB6ND6C7B76D,2021-09-22,Emilio,Hensley,jon.mccloskey@way.com
ZY9C8JX4MUKR7TBK,1972-11-18,Jake,Hendrickson,yadiradowd@gmail.com
VLMCBMD3BBFVUUM7,1987-10-04,Virginia,Philips,roslynleyva@bikini.po.gov.pl
7LCZJRC7UQA3704K,2014-08-02,Shanon,Bittner,tiesha.beebe8@yahoo.com
VLSIJ0CCSN3KUPL6,1980-10-10,Annmarie,Holloman,virginia-mayberry6@gmail.com
XH0QPBPJQXUCDC4T,2002-12-03,Geralyn,Gibson,gabrielle_doughty0@necklace.com
V9IYYE2CM6MM594K,2000-02-17,Karan,Pape,hans_dunham7@sri.com
GBPZOSQD5CZB3Q7F,2022-07-09,Ayanna,Martindale,madelaine.rhoads27@articles.com
BB2AGFTZ4EOGPOJ5,2003-05-18,Karyn,Yeager,maloriepadgett@gmail.com
3Q6FZBKRU1D3YD55,1995-08-27,Nicholle,Rivers,vallie.arriaga@size.com
TE2P82921LIRRD4Q,2010-01-19,Bernardine,Lahr,hermelindacalkins663@replied.com
TDEO39DTQJAN8V6Z,1980-07-04,Debbi,Harness,jaleesa37548@worldwide.com
C935C1YEKYS4JCDG,1977-02-21,Una,Acuna,richard_levin@newfoundland.com
8FSIMRQXV7JQ803V,1981-10-21,Donnell,Everhart,tonia.knott-stubbs29@theorem.com
T54XXS35AUVO7IQZ,2017-07-30,Somer,Michaud,sherita-denning@hotmail.com
UOQOJFE4X6IQ4626,1986-03-08,Roni,Bosley,teressa88@beth.com
978XVVOJZYQSN6AJ,1996-11-25,Irena,Andres,thedabernstein68@chapters.inf.cu
RHMZCLIKGT0M54HD,1990-08-09,Esta,Snyder-Reyes,camelia-tyler@gmail.com
HTVQ3Y9P33I7YVKD,1982-10-01,Adaline,Stonge,christin.furlong-munson@surveys.com
U5KZF8IOPERQZ7YB,1973-05-21,Elnora,Ivey,edmundo032@gmail.com
F7N5P8F1GG08EH55,2023-08-30,Laquanda,Broussard,rhea30271@markets.com
BVID8E35LHTQISTF,2019-06-22,Clayton,Fogle-Gale,carmina-blanchette@uh.com
HTIZTZDFQHMZD6IU,1975-11-29,Dirk,Mahoney,jamila_sammons@hotmail.com
GIMKQXQBZXXSXK6J,1974-09-11,Shawanda,Mccaskill,marry-travis@deadly.com
4L9BZ4KRD4YB1FYI,1989-10-24,Margo,Crawford,kymberly2783@yahoo.com
CQIFUM2ELN7Q3D61,2009-04-01,Bea,Somerville,marleen-conyers704@yahoo.com
UG2A34XUPFIEMSIE,2013-10-01,Alesha,Stack,sherril.keen@ethiopia.com
CE4BT4QI9T6L8QEQ,2010-02-09,Everett,Worth,britney-helton94@breeds.com
YZRZGI9R6M56VQQ3,1976-02-19,Aurelia,Burke,lauren5068@dancing.com
LCC9RCLGYT2SOKSQ,2000-06-29,Wynona,Kunkel,virginia.hewitt31523@hotmail.com
ZYSVPTG9E72QOX16,2018-04-22,Margie,Mattingly-Woo,may-lindstrom138@gmail.com
PP8LJX8R449052U8,1997-05-05,Malik,Koenig,trevor124@gmail.com
TC1JVF0XKQ37CYSE,2006-09-07,Sophia,Halcomb,hassan-crayton@mime.com
BSP6AMSRQ6NFV7C0,1985-03-11,Chas,Chisolm,marti_atwood@loops.com
4L8LXS0RTLAU19JP,1980-04-20,Latina,Plummer,frederic.wilt@australia.cc.wv.us
I5R8YIZUDTOQAQGV,2001-04-17,Sherron,Rider,shavon.worsham@yahoo.com
TAJAV4L6B0QIODDZ,2017-03-06,Ella,Dow,theoarredondo@gmail.com
2FT56LRBX5QE9BNK,2004-07-15,Bernice,Braswell,tommywynne@yahoo.com
X51M24QS786PQAQ6,2020-09-10,Raphael,Scales,jamar-saul66@hotmail.com
0IOE89DTDVUJQV2H,1970-08-04,Amina,Vergara,franklyn.villa8@bryan.com
SJ4YA7HKTLHSYT96,1979-02-18,Reagan,Flanagan,oraliachacon@twelve.com
HBIK8569GCDPRX59,2019-10-23,Francisco,Brubaker,gisela-dubois049@boat.com
CTEXLFOU4QESHO1E,1987-04-05,Delphine,Couch,faustinochoi86984@hotmail.com
65US7X644KI0V87F,2003-09-19,Jamel,Rhodes,dominique_vandyke@likelihood.nym.la
DNQU1VY1JZVXAQ2D,1972-08-28,Gregorio,Cardenas,mike32@mlb.com
TDSLNA70O2DZYO8M,1977-05-02,Reuben,Jeter,betsy.lovell@yahoo.com
H1JT3C1239QBNJ6L,1983-11-04,Elana,Mccool,delores3@entity.com
4UJSJX95OGN5QK45,1999-01-03,Lavera,Ferrari,berenice0@love.com
038NQ5LOQCO6TMUJ,2009-09-12,Agueda,Kelsey,pedro6345@yahoo.com
DG08AYQUBQPT8FFL,1997-03-27,Bettyann,Ames,agustina6@sport.com
SXYZ9DTQVOAAU3KY,2011-02-24,Brigette,Hinds,caroll_chun40759@crew.com
ISZYQIPXDJ9C27JF,1982-05-02,Dorotha,Battles,carma_stacy-briscoe@yahoo.com
RNOOPELQCTP8A3NX,1976-06-11,Lady,Shaw,brendon58@rising.sanda.hyogo.jp
88QQ8DUPOMF4TGAA,2002-03-02,Beatris,Mccreary,mildred8761@hotmail.com
BMQ9I23BXETVQNAM,1987-11-20,Blake,Blank,glen1@hotmail.com
N0MBV2LCQKD2GJSQ,2006-10-28,Calista,Lyles,natividad_dozier8@milan.com
Q4QAG4VEXUCZNKVV,1975-04-14,Yanira,Copley,doretha_hook7@nuts.com
XAIFOTQ6LAQLY4UZ,1971-06-01,Kerry,Phan,marnie68241@yahoo.com
IT7920SV2DDMNSQE,2011-08-25,Tiffany,Conger,homer.pickard@gmail.com
ONQZQHMMSPVQPDV5,2006-12-08,Martine,Engel,fermin_mouton81@yahoo.com
G4MVAGUOJX4LU63F,2019-04-25,Youlanda,Walling,vonnie.trinidad7@trying.com
P5DEX5L7NG31ARJR,2021-01-14,Candace,Stack,celinadykes53316@sarah.com
V6UZ9PM9LMSDME54,2012-03-09,Vicente,Dewey,darrin_hope@relations.com
C2QAVQ8JE6SHZUVH,1996-03-04,Ona,Childers,carolyne95@standing.omi.niigata.jp
6J91VFTCO1RN9F1G,2006-06-18,Fernando,Pearson,kayleen8@conferencing.com
MP8S4FF0L5VQ3EE7,1982-10-15,Beatris,Oglesby-Rodrigue,lynetta.king@shannon.com
9NO4TPE15SNZI6UH,1998-12-15,Jaclyn,Whatley,ethyl-law5@important.com
BIBOCRQUIVQULMUF,2017-01-23,Lynn,Espinal,ignacia.null37923@hotmail.com
CTAQT4122X0JKZA9,1994-04-25,Elroy,Soper,bernathacker@task.com
FGFAB1F46TQHNQTE,1981-11-14,Giuseppe,Foss,mindirichie@contributions.com
YYNYRT2C8UIRR93P,2009-01-12,Stefania,Han,emelia99652@yahoo.com
TRQD588UPTOO3M3U,2005-04-25,Tiffaney,Cyr,keeley.knotts@yahoo.com
CP1MP32JK067VDQE,1997-09-06,Belen,Hulsey,quyen.langston@yahoo.com
6P04V6R57K041AUE,2003-12-15,Maudie,Castle,pansy-lutz41@hotmail.com
MKAN1PTJUIM3MDEX,1971-02-25,Salina,Segal,ward01@hotmail.com
BCYZO643FRJ003T4,2007-01-08,Omer,Berryman,candice13@hotmail.com
66LVQVF1Z6QF02Q9,1998-04-24,Heather,Cobbs,lenard8@milk.com
EGUX3SBR759JIYDY,1979-04-23,Bud,Apple,kami66@desire.com
2NJ188NDG9QJZB1N,1991-12-24,Tad,Varner,adriane_heller@arrest.com
8E2FZCSYU3QB0RYP,1985-09-04,Shalonda,Santoro-Hoyt,valentinavillagomez69888@burns.com
GMGN4PRIQ20HRPLO,1980-01-22,Arlen,Styles,mortonherrmann26@belkin.com
ZQ8RQ6Y4KQKF9318,2016-08-18,Tegan,Powers,francisco7357@carey.com
JQST55AXKIB0GJC7,2006-05-22,Federico,Pfeifer,leonida-wayne@hotmail.com
O9VRBUFC90RTH2A9,2022-05-24,Rosalinda,Ricci,lilafreed@papers.com
F0ZZB3GDT2C0RMHY,1991-02-08,Eddy,Gant,astrid497@yahoo.com
8GHSE2UQKNKVKYB9,2015-09-06,Dulcie,Howard,juanita_meadows-houston33868@yahoo.com
XRVR5UX1H4A27MGY,2018-12-21,Deedra,Shuler-Thrash,carleen-bowlin@liabilities.hirono.fukushima.jp
GS4Z8S33O0FKMROC,1996-09-14,Ludie,Mcclung,sachikonapier@gmail.com
IBP5YUFOEA1BQITO,1973-03-16,Mirian,Foreman,liz.smallwood06@gmail.com
8XLMK52SMJMR0XKM,1974-08-17,Terresa,Blackmon,winnifredwilhelm@effective.com
9HKHLETTPIJB7HQK,1992-01-02,Nu,Russell,earlie5@heroes.com
MUT0C0X933G12A2S,1982-11-05,Patricia,Basham,ashlea-colley@gmail.com
VTB8II00NI6QOZCX,1992-06-07,Naomi,Biddle,jospehdodge@hitachi.carrier.museum
BJH1V67FO3Z5UYRB,2013-09-13,Ivey,Beamon,wilfredo.decker@gmail.com
DMRERF8ZQQAVGSGI,1980-07-09,Jeanette,Land,bell_woodson419@proven.com
Q4IQKAYD1INBJMT7,1983-07-19,Rachell,Seale,candelaria64194@hotmail.com
Q4IQKBYD1INBJMT7,1983-07-19,Rachell1,Sesale4,candelaria643194@hotmail.com
Q4IQKBYD1INBJMT9,1983-07-19,Rachell2,Sesale3,candelaria643194@hotmail.com
Q4IQKBYD1INBJMT8,1983-07-19,Rachell3,Sesale2,candelaria643194@hotmail.com
Q4IQKBYD1INBJMTC,1983-07-19,Rachell4,Sesale1,candelaria643194@hotmail.com
